{
    "name": "root",
    "metadata": {
        "timer_format_version": "0.1.0",
        "start_time_seconds": "1674072298",
        "python_version": "3.9.13 (main, Aug 25 2022, 18:29:29) \n[Clang 12.0.0 ]",
        "command_line_arguments": "/Users/isaac/opt/anaconda3/bin/mlagents-learn trainer_config.yaml --run-id angle_run_7 --resume",
        "mlagents_version": "0.30.0",
        "mlagents_envs_version": "0.30.0",
        "communication_protocol_version": "1.5.0",
        "pytorch_version": "1.11.0",
        "numpy_version": "1.21.2",
        "end_time_seconds": "1674072514"
    },
    "total": 215.903495397,
    "count": 1,
    "self": 0.008772558999993407,
    "children": {
        "run_training.setup": {
            "total": 0.07853185300000032,
            "count": 1,
            "self": 0.07853185300000032
        },
        "TrainerController.start_learning": {
            "total": 215.81619098500002,
            "count": 1,
            "self": 0.14003820000019118,
            "children": {
                "TrainerController._reset_env": {
                    "total": 27.208336502999998,
                    "count": 1,
                    "self": 27.208336502999998
                },
                "TrainerController.advance": {
                    "total": 187.78771934499983,
                    "count": 5007,
                    "self": 0.07429965300096342,
                    "children": {
                        "env_step": {
                            "total": 187.71341969199887,
                            "count": 5007,
                            "self": 162.00667930099922,
                            "children": {
                                "SubprocessEnvManager._take_step": {
                                    "total": 25.62529618899975,
                                    "count": 5007,
                                    "self": 0.5215954359999095,
                                    "children": {
                                        "TorchPolicy.evaluate": {
                                            "total": 25.103700752999842,
                                            "count": 5007,
                                            "self": 25.103700752999842
                                        }
                                    }
                                },
                                "workers": {
                                    "total": 0.08144420199989,
                                    "count": 5006,
                                    "self": 0.0,
                                    "children": {
                                        "worker_root": {
                                            "total": 130.4188221179992,
                                            "count": 5006,
                                            "is_parallel": true,
                                            "self": 42.8312966179991,
                                            "children": {
                                                "steps_from_proto": {
                                                    "total": 0.0034033780000015668,
                                                    "count": 1,
                                                    "is_parallel": true,
                                                    "self": 0.0014139759999984847,
                                                    "children": {
                                                        "_process_rank_one_or_two_observation": {
                                                            "total": 0.001989402000003082,
                                                            "count": 2,
                                                            "is_parallel": true,
                                                            "self": 0.001989402000003082
                                                        }
                                                    }
                                                },
                                                "UnityEnvironment.step": {
                                                    "total": 87.58412212200011,
                                                    "count": 5006,
                                                    "is_parallel": true,
                                                    "self": 0.7540352279990259,
                                                    "children": {
                                                        "UnityEnvironment._generate_step_input": {
                                                            "total": 1.3743704989995393,
                                                            "count": 5006,
                                                            "is_parallel": true,
                                                            "self": 1.3743704989995393
                                                        },
                                                        "communicator.exchange": {
                                                            "total": 83.33861433400041,
                                                            "count": 5006,
                                                            "is_parallel": true,
                                                            "self": 83.33861433400041
                                                        },
                                                        "steps_from_proto": {
                                                            "total": 2.117102061001134,
                                                            "count": 5006,
                                                            "is_parallel": true,
                                                            "self": 1.195404742000207,
                                                            "children": {
                                                                "_process_rank_one_or_two_observation": {
                                                                    "total": 0.921697319000927,
                                                                    "count": 10012,
                                                                    "is_parallel": true,
                                                                    "self": 0.921697319000927
                                                                }
                                                            }
                                                        }
                                                    }
                                                }
                                            }
                                        }
                                    }
                                }
                            }
                        }
                    }
                },
                "TrainerController._save_models": {
                    "total": 0.6800969370000018,
                    "count": 1,
                    "self": 0.0010715640000000803,
                    "children": {
                        "RLTrainer._checkpoint": {
                            "total": 0.6790253730000018,
                            "count": 1,
                            "self": 0.6790253730000018
                        }
                    }
                }
            }
        }
    }
}