{
    "name": "root",
    "gauges": {
        "RefuelArm.Policy.Entropy.mean": {
            "value": 1.4881877899169922,
            "min": 1.4189382791519165,
            "max": 1.4961283206939697,
            "count": 500
        },
        "RefuelArm.Policy.Entropy.sum": {
            "value": 12750.79296875,
            "min": 10303.34765625,
            "max": 19093.34765625,
            "count": 500
        },
        "RefuelArm.Step.mean": {
            "value": 4999921.0,
            "min": 9984.0,
            "max": 4999921.0,
            "count": 500
        },
        "RefuelArm.Step.sum": {
            "value": 4999921.0,
            "min": 9984.0,
            "max": 4999921.0,
            "count": 500
        },
        "RefuelArm.Policy.ExtrinsicValueEstimate.mean": {
            "value": -0.4103279113769531,
            "min": -2.1636462211608887,
            "max": 1.8383654356002808,
            "count": 500
        },
        "RefuelArm.Policy.ExtrinsicValueEstimate.sum": {
            "value": -33.2365608215332,
            "min": -168.764404296875,
            "max": 145.92649841308594,
            "count": 500
        },
        "RefuelArm.IsTraining.mean": {
            "value": 1.0,
            "min": 1.0,
            "max": 1.0,
            "count": 500
        },
        "RefuelArm.IsTraining.sum": {
            "value": 1.0,
            "min": 1.0,
            "max": 1.0,
            "count": 500
        },
        "RefuelArm.Environment.EpisodeLength.mean": {
            "value": 2003.0,
            "min": 2000.0,
            "max": 2003.0,
            "count": 278
        },
        "RefuelArm.Environment.EpisodeLength.sum": {
            "value": 18027.0,
            "min": 2002.0,
            "max": 18027.0,
            "count": 278
        },
        "RefuelArm.Environment.CumulativeReward.mean": {
            "value": -14.497368241349855,
            "min": -55.3331218957901,
            "max": 0.0,
            "count": 296
        },
        "RefuelArm.Environment.CumulativeReward.sum": {
            "value": -130.4763141721487,
            "min": -432.71816232800484,
            "max": 0.0,
            "count": 296
        },
        "RefuelArm.Policy.ExtrinsicReward.mean": {
            "value": -14.497368241349855,
            "min": -55.3331218957901,
            "max": 0.0,
            "count": 296
        },
        "RefuelArm.Policy.ExtrinsicReward.sum": {
            "value": -130.4763141721487,
            "min": -432.71816232800484,
            "max": 0.0,
            "count": 296
        },
        "RefuelArm.Losses.PolicyLoss.mean": {
            "value": 0.01471763444909205,
            "min": 0.010307752401786274,
            "max": 0.024771390409053615,
            "count": 233
        },
        "RefuelArm.Losses.PolicyLoss.sum": {
            "value": 0.01471763444909205,
            "min": 0.010307752401786274,
            "max": 0.024771390409053615,
            "count": 233
        },
        "RefuelArm.Losses.ValueLoss.mean": {
            "value": 0.011689052466923993,
            "min": 0.0008607333526015282,
            "max": 0.47619679470856985,
            "count": 233
        },
        "RefuelArm.Losses.ValueLoss.sum": {
            "value": 0.011689052466923993,
            "min": 0.0008607333526015282,
            "max": 0.47619679470856985,
            "count": 233
        },
        "RefuelArm.Policy.LearningRate.mean": {
            "value": 6.645997784999901e-07,
            "min": 6.645997784999901e-07,
            "max": 0.0002987121004293,
            "count": 233
        },
        "RefuelArm.Policy.LearningRate.sum": {
            "value": 6.645997784999901e-07,
            "min": 6.645997784999901e-07,
            "max": 0.0002987121004293,
            "count": 233
        },
        "RefuelArm.Policy.Epsilon.mean": {
            "value": 0.10022149999999999,
            "min": 0.10022149999999999,
            "max": 0.19957069999999996,
            "count": 233
        },
        "RefuelArm.Policy.Epsilon.sum": {
            "value": 0.10022149999999999,
            "min": 0.10022149999999999,
            "max": 0.19957069999999996,
            "count": 233
        },
        "RefuelArm.Policy.Beta.mean": {
            "value": 2.1052849999999847e-05,
            "min": 2.1052849999999847e-05,
            "max": 0.004978577930000001,
            "count": 233
        },
        "RefuelArm.Policy.Beta.sum": {
            "value": 2.1052849999999847e-05,
            "min": 2.1052849999999847e-05,
            "max": 0.004978577930000001,
            "count": 233
        }
    },
    "metadata": {
        "timer_format_version": "0.1.0",
        "start_time_seconds": "1671824057",
        "python_version": "3.9.13 (main, Aug 25 2022, 18:29:29) \n[Clang 12.0.0 ]",
        "command_line_arguments": "/Users/isaac/opt/anaconda3/bin/mlagents-learn trainer_config.yaml --run-id run_1",
        "mlagents_version": "0.30.0",
        "mlagents_envs_version": "0.30.0",
        "communication_protocol_version": "1.5.0",
        "pytorch_version": "1.11.0",
        "numpy_version": "1.21.2",
        "end_time_seconds": "1671829751"
    },
    "total": 5694.333446473,
    "count": 1,
    "self": 0.017796593999264587,
    "children": {
        "run_training.setup": {
            "total": 0.07295679500000007,
            "count": 1,
            "self": 0.07295679500000007
        },
        "TrainerController.start_learning": {
            "total": 5694.242693084,
            "count": 1,
            "self": 14.941325414929452,
            "children": {
                "TrainerController._reset_env": {
                    "total": 14.814522123,
                    "count": 1,
                    "self": 14.814522123
                },
                "TrainerController.advance": {
                    "total": 5664.302847470071,
                    "count": 555846,
                    "self": 8.01428833528098,
                    "children": {
                        "env_step": {
                            "total": 5656.28855913479,
                            "count": 555846,
                            "self": 4059.1856803776463,
                            "children": {
                                "SubprocessEnvManager._take_step": {
                                    "total": 1588.6320085291395,
                                    "count": 555846,
                                    "self": 45.24333132538345,
                                    "children": {
                                        "TorchPolicy.evaluate": {
                                            "total": 1543.388677203756,
                                            "count": 555569,
                                            "self": 1543.388677203756
                                        }
                                    }
                                },
                                "workers": {
                                    "total": 8.470870228004703,
                                    "count": 555846,
                                    "self": 0.0,
                                    "children": {
                                        "worker_root": {
                                            "total": 5667.431229740139,
                                            "count": 555846,
                                            "is_parallel": true,
                                            "self": 2554.8504272632467,
                                            "children": {
                                                "steps_from_proto": {
                                                    "total": 0.001101303000000442,
                                                    "count": 1,
                                                    "is_parallel": true,
                                                    "self": 0.0001807240000015753,