{
    "name": "root",
    "gauges": {
        "RefuelArm.Policy.Entropy.mean": {
            "value": 3.174941301345825,
            "min": 3.1412973403930664,
            "max": 3.2103431224823,
            "count": 18
        },
        "RefuelArm.Policy.Entropy.sum": {
            "value": 29361.857421875,
            "min": 26259.529296875,
            "max": 35935.8046875,
            "count": 18
        },
        "RefuelArm.Step.mean": {
            "value": 179968.0,
            "min": 9984.0,
            "max": 179968.0,
            "count": 18
        },
        "RefuelArm.Step.sum": {
            "value": 179968.0,
            "min": 9984.0,
            "max": 179968.0,
            "count": 18
        },
        "RefuelArm.Policy.ExtrinsicValueEstimate.mean": {
            "value": 0.0839485302567482,
            "min": 0.060561325401067734,
            "max": 0.25322961807250977,
            "count": 18
        },
        "RefuelArm.Policy.ExtrinsicValueEstimate.sum": {
            "value": 7.219573497772217,
            "min": 4.723783493041992,
            "max": 19.751909255981445,
            "count": 18
        },
        "RefuelArm.IsTraining.mean": {
            "value": 1.0,
            "min": 1.0,
            "max": 1.0,
            "count": 18
        },
        "RefuelArm.IsTraining.sum": {
            "value": 1.0,
            "min": 1.0,
            "max": 1.0,
            "count": 18
        },
        "RefuelArm.Environment.EpisodeLength.mean": {
            "value": 1599.0,
            "min": 1599.0,
            "max": 1599.0,
            "count": 7
        },
        "RefuelArm.Environment.EpisodeLength.sum": {
            "value": 25584.0,
            "min": 25584.0,
            "max": 25584.0,
            "count": 7
        },
        "RefuelArm.Losses.PolicyLoss.mean": {
            "value": 0.01896067406050861,
            "min": 0.014919308291670557,
            "max": 0.022226157393588714,
            "count": 8
        },
        "RefuelArm.Losses.PolicyLoss.sum": {
            "value": 0.01896067406050861,
            "min": 0.014919308291670557,
            "max": 0.022226157393588714,
            "count": 8
        },
        "RefuelArm.Losses.ValueLoss.mean": {
            "value": 0.0002592908790878331,
            "min": 0.0002592908790878331,
            "max": 0.033398223984422104,
            "count": 8
        },
        "RefuelArm.Losses.ValueLoss.sum": {
            "value": 0.0002592908790878331,
            "min": 0.0002592908790878331,
            "max": 0.033398223984422104,
            "count": 8
        },
        "RefuelArm.Policy.LearningRate.mean": {
            "value": 0.00029895552034815996,
            "min": 0.00029895552034815996,
            "max": 0.00029986483204505596,
            "count": 8
        },
        "RefuelArm.Policy.LearningRate.sum": {
            "value": 0.00029895552034815996,
            "min": 0.00029895552034815996,
            "max": 0.00029986483204505596,
            "count": 8
        },
        "RefuelArm.Policy.Epsilon.mean": {
            "value": 0.19965183999999994,
            "min": 0.19965183999999994,
            "max": 0.19995494400000002,
            "count": 8
        },
        "RefuelArm.Policy.Epsilon.sum": {
            "value": 0.19965183999999994,
            "min": 0.19965183999999994,
            "max": 0.19995494400000002,
            "count": 8
        },
        "RefuelArm.Policy.Beta.mean": {
            "value": 0.004982626816000002,
            "min": 0.004982626816000002,
            "max": 0.0049977517056,
            "count": 8
        },
        "RefuelArm.Policy.Beta.sum": {
            "value": 0.004982626816000002,
            "min": 0.004982626816000002,
            "max": 0.0049977517056,
            "count": 8
        },
        "RefuelArm.Environment.CumulativeReward.mean": {
            "value": -0.6000747534344555,
            "min": -0.78604541925597,
            "max": -0.06569113636214752,
            "count": 7
        },
        "RefuelArm.Environment.CumulativeReward.sum": {
            "value": -9.601196054951288,
            "min": -12.57672670809552,
            "max": -1.0510581817943603,
            "count": 7
        },
        "RefuelArm.Policy.ExtrinsicReward.mean": {
            "value": -0.6000747534344555,
            "min": -0.78604541925597,
            "max": -0.06569113636214752,
            "count": 7
        },
        "RefuelArm.Policy.ExtrinsicReward.sum": {
            "value": -9.601196054951288,
            "min": -12.57672670809552,
            "max": -1.0510581817943603,
            "count": 7
        }
    },
    "metadata": {
        "timer_format_version": "0.1.0",
        "start_time_seconds": "1674076707",
        "python_version": "3.9.13 (main, Aug 25 2022, 18:29:29) \n[Clang 12.0.0 ]",
        "command_line_arguments": "/Users/isaac/opt/anaconda3/bin/mlagents-learn trainer_config.yaml --run-id angle_run_10 --force",
        "mlagents_version": "0.30.0",
        "mlagents_envs_version": "0.30.0",
        "communication_protocol_version": "1.5.0",
        "pytorch_version": "1.11.0",
        "numpy_version": "1.21.2",
        "end_time_seconds": "1674077029"
    },
    "total": 322.72738581000004,
    "count": 1,
    "self": 10.007346366000036,
    "children": {
        "run_training.setup": {
            "total": 0.07499888500000007,
            "count": 1,
            "self": 0.07499888500000007
        },
        "TrainerController.start_learning": {
            "total": 312.645040559,
            "count": 1,
            "self": 0.36262011399713856,
            "children": {
                "TrainerController._reset_env": {
                    "total": 24.861079234,
                    "count": 1,
                    "self": 24.861079234
                },
                "TrainerController.advance": {
                    "total": 286.62731087100286,
                    "count": 11774,
                    "self": 0.184442718002515,
                    "children": {
                        "env_step": {
                            "total": 286.44286815300035,
                            "count": 11774,
                            "self": 220.2109260510035,
                            "children": {
                                "SubprocessEnvManager._take_step": {
                                    "total": 66.03205886099913,
                                    "count": 11774,
                                    "self": 1.05218824599946,
                                    "children": {
                                        "TorchPolicy.evaluate": {
                                            "total": 64.97987061499967,
                                            "count": 11774,
                                            "self": 64.97987061499967
                                        }
                                    }
                                },
                                "workers": {
                                    "total": 0.1998832409977176,
                                    "count": 11773,
                                    "self": 0.0,
                                    "children": {
                                        "worker_root": {
                                            "total": 291.28064871100054,
                                            "count": 11773,
                                            "is_parallel": true,
                                            "self": 97.89991720100198,
                                            "children": {
                                                "steps_from_proto": {
                                                    "total": 0.00407067700000141,
                                                    "count": 1,
                                                    "is_parallel": true,
                                                    "self": 0.001644674000001345,