{
    "name": "root",
    "metadata": {
        "timer_format_version": "0.1.0",
        "start_time_seconds": "1672338792",
        "python_version": "3.9.13 (main, Aug 25 2022, 18:29:29) \n[Clang 12.0.0 ]",
        "command_line_arguments": "/Users/isaac/opt/anaconda3/bin/mlagents-learn trainer_config.yaml --run-id run_3 --force",
        "mlagents_version": "0.30.0",
        "mlagents_envs_version": "0.30.0",
        "communication_protocol_version": "1.5.0",
        "pytorch_version": "1.11.0",
        "numpy_version": "1.21.2",
        "end_time_seconds": "1672338916"
    },
    "total": 124.097721507,
    "count": 1,
    "self": 0.009825652000003515,
    "children": {
        "run_training.setup": {
            "total": 0.0865353299999998,
            "count": 1,
            "self": 0.0865353299999998
        },
        "TrainerController.start_learning": {
            "total": 124.001360525,
            "count": 1,
            "self": 0.13334355499982564,
            "children": {
                "TrainerController._reset_env": {
                    "total": 13.888804231999998,
                    "count": 1,
                    "self": 13.888804231999998
                },
                "TrainerController.advance": {
                    "total": 109.62231260400017,
                    "count": 4383,
                    "self": 0.06564174400028833,
                    "children": {
                        "env_step": {
                            "total": 109.55667085999988,
                            "count": 4383,
                            "self": 99.72221456699978,
                            "children": {
                                "SubprocessEnvManager._take_step": {
                                    "total": 9.765030536000125,
                                    "count": 4383,
                                    "self": 0.3583187800001788,
                                    "children": {
                                        "TorchPolicy.evaluate": {
                                            "total": 9.406711755999947,
                                            "count": 4381,
                                            "self": 9.406711755999947
                                        }
                                    }
                                },
                                "workers": {
                                    "total": 0.06942575699996922,
                                    "count": 4382,
                                    "self": 0.0,
                                    "children": {
                                        "worker_root": {
                                            "total": 53.195804788000146,
                                            "count": 4382,
                                            "is_parallel": true,
                                            "self": 24.08258097300006,
                                            "children": {
                                                "steps_from_proto": {
                                                    "total": 0.0013327920000003601,
                                                    "count": 1,
                                                    "is_parallel": true,
                                                    "self": 0.0002006000000003283,
                                                    "children": {
                                                        "_process_rank_one_or_two_observation": {
                                                            "total": 0.0011321920000000318,
                                                            "count": 4,
                                                            "is_parallel": true,
                                                            "self": 0.0011321920000000318
                                                        }
                                                    }
                                                },
                                                "UnityEnvironment.step": {
                                                    "total": 29.111891023000087,
                                                    "count": 4382,
                                                    "is_parallel": true,
                                                    "self": 0.661000696000027,
                                                    "children": {
                                                        "UnityEnvironment._generate_step_input": {
                                                            "total": 0.7620369020001121,
                                                            "count": 4382,
                                                            "is_parallel": true,
                                                            "self": 0.7620369020001121
                                                        },
                                                        "communicator.exchange": {
                                                            "total": 25.884667123999964,
                                                            "count": 4382,
                                                            "is_parallel": true,
                                                            "self": 25.884667123999964
                                                        },
                                                        "steps_from_proto": {
                                                            "total": 1.8041863009999837,
                                                            "count": 4382,
                                                            "is_parallel": true,
                                                            "self": 0.656903806999912,
                                                            "children": {
                                                                "_process_rank_one_or_two_observation": {
                                                                    "total": 1.1472824940000717,
                                                                    "count": 17528,
                                                                    "is_parallel": true,
                                                                    "self": 1.1472824940000717
                                                                }
                                                            }
                                                        }
                                                    }
                                                }
                                            }
                                        }
                                    }
                                }
                            }
                        }
                    }
                },
                "TrainerController._save_models": {
                    "total": 0.356900134,
                    "count": 1,
                    "self": 0.0012533929999989368,
                    "children": {
                        "RLTrainer._checkpoint": {
                            "total": 0.35564674100000104,
                            "count": 1,
                            "self": 0.35564674100000104
                        }
                    }
                }
            }
        }
    }
}