{
    "name": "root",
    "gauges": {
        "RefuelArm.Policy.Entropy.mean": {
            "value": 3.553572416305542,
            "min": 3.183588743209839,
            "max": 3.590895891189575,
            "count": 640
        },
        "RefuelArm.Policy.Entropy.sum": {
            "value": 36047.4375,
            "min": 24214.35546875,
            "max": 43671.81640625,
            "count": 640
        },
        "RefuelArm.Step.mean": {
            "value": 7469968.0,
            "min": 1079936.0,
            "max": 7469968.0,
            "count": 640
        },
        "RefuelArm.Step.sum": {
            "value": 7469968.0,
            "min": 1079936.0,
            "max": 7469968.0,
            "count": 640
        },
        "RefuelArm.Policy.ExtrinsicValueEstimate.mean": {
            "value": -0.001378104672767222,
            "min": -0.09275051206350327,
            "max": 3.1626012325286865,
            "count": 640
        },
        "RefuelArm.Policy.ExtrinsicValueEstimate.sum": {
            "value": -0.1750192940235138,
            "min": -7.605542182922363,
            "max": 246.68289184570312,
            "count": 640
        },
        "RefuelArm.IsTraining.mean": {
            "value": 1.0,
            "min": 1.0,
            "max": 1.0,
            "count": 640
        },
        "RefuelArm.IsTraining.sum": {
            "value": 1.0,
            "min": 1.0,
            "max": 1.0,
            "count": 640
        },
        "RefuelArm.Environment.EpisodeLength.mean": {
            "value": 349.25,
            "min": 349.25,
            "max": 1599.0,
            "count": 254
        },
        "RefuelArm.Environment.EpisodeLength.sum": {
            "value": 22352.0,
            "min": 3198.0,
            "max": 25584.0,
            "count": 254
        },
        "RefuelArm.Losses.PolicyLoss.mean": {
            "value": 0.017618311025823157,
            "min": 0.010869757400359958,
            "max": 0.023399547751372058,
            "count": 295
        },
        "RefuelArm.Losses.PolicyLoss.sum": {
            "value": 0.017618311025823157,
            "min": 0.010869757400359958,
            "max": 0.023399547751372058,
            "count": 295
        },
        "RefuelArm.Losses.ValueLoss.mean": {
            "value": 1.4022833511262434e-06,
            "min": 4.914238734462136e-08,
            "max": 6.520604292551677,
            "count": 295
        },
        "RefuelArm.Losses.ValueLoss.sum": {
            "value": 1.4022833511262434e-06,
            "min": 4.914238734462136e-08,
            "max": 6.520604292551677,
            "count": 295
        },
        "RefuelArm.Policy.LearningRate.mean": {
            "value": 0.0002552225429258241,
            "min": 0.0002552225429258241,
            "max": 0.000293432066189312,
            "count": 295
        },
        "RefuelArm.Policy.LearningRate.sum": {
            "value": 0.0002552225429258241,
            "min": 0.0002552225429258241,
            "max": 0.000293432066189312,
            "count": 295
        },
        "RefuelArm.Policy.Epsilon.mean": {
            "value": 0.18507417599999995,
            "min": 0.18507417599999995,
            "max": 0.197810688,
            "count": 295
        },
        "RefuelArm.Policy.Epsilon.sum": {
            "value": 0.18507417599999995,
            "min": 0.18507417599999995,
            "max": 0.197810688,
            "count": 295
        },
        "RefuelArm.Policy.Beta.mean": {
            "value": 0.0042552013824,
            "min": 0.0042552013824,
            "max": 0.0048907533312,
            "count": 295
        },
        "RefuelArm.Policy.Beta.sum": {
            "value": 0.0042552013824,
            "min": 0.0042552013824,
            "max": 0.0048907533312,
            "count": 295
        },
        "RefuelArm.Environment.CumulativeReward.mean": {
            "value": -0.013620749042047464,
            "min": -0.261071738510509,
            "max": 52.12618858827045,
            "count": 280
        },
        "RefuelArm.Environment.CumulativeReward.sum": {
            "value": -0.8717279386910377,
            "min": -4.177147816168144,
            "max": 834.0190174123272,
            "count": 280
        },
        "RefuelArm.Policy.ExtrinsicReward.mean": {
            "value": -0.013620749042047464,
            "min": -0.261071738510509,
            "max": 52.12618858827045,
            "count": 280
        },
        "RefuelArm.Policy.ExtrinsicReward.sum": {
            "value": -0.8717279386910377,
            "min": -4.177147816168144,
            "max": 834.0190174123272,
            "count": 280
        }
    },
    "metadata": {
        "timer_format_version": "0.1.0",
        "start_time_seconds": "1674095020",
        "python_version": "3.9.13 (main, Aug 25 2022, 18:29:29) \n[Clang 12.0.0 ]",
        "command_line_arguments": "/Users/isaac/opt/anaconda3/bin/mlagents-learn trainer_config.yaml --run-id angle_run_12 --resume",
        "mlagents_version": "0.30.0",
        "mlagents_envs_version": "0.30.0",
        "communication_protocol_version": "1.5.0",
        "pytorch_version": "1.11.0",
        "numpy_version": "1.21.2",
        "end_time_seconds": "1674104813"
    },
    "total": 9793.177987873001,
    "count": 1,
    "self": 0.0110549440014438,
    "children": {
        "run_training.setup": {
            "total": 0.059259375999999975,
            "count": 1,
            "self": 0.059259375999999975
        },
        "TrainerController.start_learning": {
            "total": 9793.107673553,
            "count": 1,
            "self": 11.115137426368165,
            "children": {
                "TrainerController._reset_env": {
                    "total": 18.497938417999997,
                    "count": 1,
                    "self": 18.497938417999997
                },
                "TrainerController.advance": {
                    "total": 9762.990667880633,
                    "count": 399988,
                    "self": 5.902350805859896,
                    "children": {
                        "env_step": {
                            "total": 9757.088317074773,
                            "count": 399988,
                            "self": 7526.070326890895,
                            "children": {
                                "SubprocessEnvManager._take_step": {
                                    "total": 2224.0851121766855,
                                    "count": 399988,
                                    "self": 30.65471042758236,
                                    "children": {
                                        "TorchPolicy.evaluate": {
                                            "total": 2193.430401749103,
                                            "count": 399984,
                                            "self": 2193.430401749103
                                        }
                                    }
                                },
                                "workers": {
                                    "total": 6.9328780071933735,
                                    "count": 399987,
                                    "self": 0.0,
                                    "children": {
                                        "worker_root": {
                                            "total": 9757.973886236075,
                                            "count": 399987,
                                            "is_parallel": true,
                                            "self": 3068.8527831882575,
                                            "children": {
                                                "steps_from_proto": {
                                                    "total": 0.0011682519999993701,
                                                    "count": 1,
                                                    "is_parallel": true,
                                                    "self": 0.0003238569999997054,